strategy,total_return,annual_return,max_drawdown,sharpe,num_trades
Trend-only,0.2756464920841515,0.07412213406566304,-0.12354949103524338,0.696560401173051,135
MeanRev-only,-0.06000216298099903,-0.01800972244095811,-0.33614934231649585,-0.03367145656136652,50
Fusion(no-ML),0.10175790708930488,0.028871114925496766,-0.1342961627726753,0.28166850341694616,214
Fusion(+ML-veto),0.19897052325110165,0.05474276307791537,-0.12862760233841208,0.5181631382819153,82
